Artist,Album,Track Name,Track ID,Energy,Key,Loudness,Instrumentalness,Valence,Tempo
Billie Eilish,"What Was I Made For? [From The Motion Picture ""Barbie""]","What Was I Made For? [From The Motion Picture ""Barbie""]",6wf7Yu7cxBSPrRlWeSeK0Q,0.0911,0,-17.665,1.05e-06,0.142,78.403
Nicki Minaj,Barbie World (with Aqua) [From Barbie The Album],Barbie World (with Aqua) [From Barbie The Album],741UUVE2kuITl0c6zuqqbO,0.58,0,-8.393,0.000127,0.753,144.072
Morgan Wallen,3 Songs At A Time Sampler,Last Night,59uQI0PADDKeE6UZDTJEe8,0.675,6,-5.382,0.0,0.518,203.853
"Tyler, The Creator",Flower Boy,See You Again (feat. Kali Uchis),7KA4W4McWYRpgf0fWsJZWB,0.559,6,-9.222,7.49e-06,0.62,78.558
White Noise Baby Sleep,Best White Noise for Baby Sleep - Loopable with No Fade,Clean White Noise - Loopable with no fade,2bRKxuH1o7pTmb1y4GfdEc,0.00342,8,-28.46,1.0,0.0,0.0
Jung Kook,Seven (feat. Latto),Seven (feat. Latto) (Explicit Ver.),7x9aauaA9cu6tyfpHnqDLo,0.832,11,-4.107,0.0,0.89,124.997
Dua Lipa,Dance The Night (From Barbie The Album),Dance The Night (From Barbie The Album),1vYXt7VSjH9JIM5oRRo7vA,0.845,11,-4.93,0.0,0.775,110.056
Travis Scott,UTOPIA,FE!N (feat. Playboi Carti),42VsgItocQwOQC3XWZ8JNA,0.882,3,-2.777,0.0,0.201,148.038
Zach Bryan,Something in the Orange,Something in the Orange,3WMj8moIAXJhHsyLaqIIHI,0.192,4,-12.151,8.35e-06,0.148,175.212
Morgan Wallen,One Thing At A Time,Last Night,7K3BhSpAxZBznislvUMVtn,0.675,6,-5.456,0.0,0.478,203.759
Morgan Wallen,Dangerous: The Double Album,Wasted On You,3cBsEDNhFI9E82vPj3kvi3,0.657,11,-5.24,0.00107,0.252,196.0
Travis Scott,UTOPIA,I KNOW ?,6wsqVwoiVH2kde4k4KKAFU,0.619,5,-4.441,0.0,0.817,117.995
PinkPantheress,Boy's a liar Pt. 2,Boy's a Liar Pt. 2,6AQbmUe0Qwf5PZnt4HmTXv,0.809,5,-8.254,0.000128,0.857,132.962
Grupo Frontera,un x100to,un x100to,6pD0ufEQq0xdHSsRbg9LBK,0.724,6,-4.076,0.0,0.562,83.118
Taylor Swift,Speak Now (Taylor's Version),I Can See You (Taylor’s Version) (From The Vault),5kHMfzgLZP95O9NBy0ku4v,0.764,6,-4.893,0.0,0.819,123.044
Yng Lvcas,La Bebe (Remix),La Bebe - Remix,2UW7JaomAMuX9pZrjVpHAU,0.479,2,-5.678,1.21e-06,0.559,169.922
Eslabon Armado,Ella Baila Sola,Ella Baila Sola,3dnP0JxCgygwQH9Gm7q7nb,0.758,5,-5.176,1.89e-05,0.834,147.989
Bad Bunny,WHERE SHE GOES,WHERE SHE GOES,7ro0hRteUMfnOioTFI5TG1,0.8,9,-4.019,0.629,0.234,143.978
J. Cole,2014 Forest Hills Drive,No Role Modelz,68Dni7IE4VyPkTOH9mRWHr,0.521,10,-8.492,0.0,0.494,100.028
Morgan Wallen,One Thing At A Time,Thinkin’ Bout Me,0PAcdVzhPO4gq1Iym9ESnK,0.757,3,-5.775,0.0,0.429,139.971
Jimin,FACE,Like Crazy,3Ua0m0YmEjrMi9XErKcNiR,0.733,7,-5.445,0.0,0.362,120.001
Morgan Wallen,One Thing At A Time,You Proof,5W4kiM2cUYBJXKRudNyxjW,0.839,9,-5.007,0.0,0.629,119.724
FIFTY FIFTY,The Beginning: Cupid,Cupid - Twin Ver.,7FbrGaHYVDmfr7KoLIZnQ7,0.592,11,-8.332,4.15e-06,0.726,120.018
NewJeans,NewJeans 'Super Shy',Super Shy,5sdQOyqq2IDhvmx2lHOpwd,0.817,5,-6.018,3.44e-05,0.515,149.921
Drake,Search & Rescue,Search & Rescue,7aRCf5cLOFN1U7kvtChY1G,0.44,10,-8.482,1.42e-06,0.544,142.024
Taylor Swift,Midnights,Anti-Hero,0V3wPSX9ygBnCm8psDIegu,0.643,4,-6.571,1.8e-06,0.533,97.008
Travis Scott,UTOPIA,TELEKINESIS (feat. SZA & Future),1i9lZvlaDdWDPyXEE95aiq,0.535,5,-4.854,0.0,0.216,82.826
SZA,SOS,Kill Bill,1Qrg8KqiBpW07V7PNxwwwL,0.735,8,-5.747,0.144,0.418,88.98
Travis Scott,UTOPIA,MY EYES,4kjI1gwQZRKNDkw1nI475M,0.621,0,-7.694,2.59e-06,0.28,119.043
Peso Pluma,GÉNESIS,LADY GAGA,7mXuWTczZNxG5EDcjFEuJR,0.736,5,-7.118,0.0,0.873,140.098
David Kushner,Daylight,Daylight,1odExI7RdWc4BT515LTAwj,0.43,2,-9.475,0.000441,0.324,130.09
Travis Scott,UTOPIA,TOPIA TWINS (feat. Rob49 & 21 Savage),0lodMO0qK83vfPiiD7FMEt,0.567,1,-4.481,0.0,0.332,160.098
Travis Scott,UTOPIA,HYAENA,0hL9gOw6XBWsygEUcVjxEc,0.754,8,-5.277,0.0,0.455,97.071
SZA,SOS,Snooze,4iZ4pt7kvcaH6Yo8UoZ4s2,0.551,5,-7.231,0.0,0.392,143.008
Travis Scott,K-POP,K-POP,5L3ecxQnQ9qTBmnLQiwf0C,0.618,5,-5.614,3.34e-06,0.535,121.075
Junior H,El Azul,El Azul,1haJsMtoBhHfvuM7XWuT3W,0.648,9,-7.081,7.76e-06,0.844,143.876
Drake,"Honestly, Nevermind",Jimmy Cooks (feat. 21 Savage),3F5CgOj3wFlRv51JsHbxhe,0.673,0,-4.711,2.41e-06,0.366,165.921
Metro Boomin,HEROES & VILLAINS,Creepin' (with The Weeknd & 21 Savage),2dHHgzDwk4BJdRwy9uXhTO,0.62,1,-6.005,0.0,0.172,97.95
Fuerza Regida,TQM,TQM,368eeEO3Y2uZUQ6S5oIjcu,0.853,5,-4.955,0.0,0.963,125.107
Lil Uzi Vert,Pink Tape,Flooded The Face,4daEMLSZCgZ2Mt7gNm2SRa,0.609,1,-7.714,2.47e-06,0.393,131.889
Bailey Zimmerman,Religiously. The Album.,Religiously,0bILU0UiNDmA5Ff6whhb2R,0.67,1,-6.519,0.0,0.593,140.924
Fuerza Regida,SABOR FRESA,SABOR FRESA,1UMm1Qs3u59Wvk53zBUE8r,0.863,7,-4.599,0.0,0.962,130.132
Travis Scott,UTOPIA,THANK GOD,1PH2MDbcBAU094DlgTIND1,0.553,10,-7.08,0.0,0.576,134.925
Lil Durk,All My Life (feat. J. Cole),All My Life (feat. J. Cole),6HgWWaMu31KdOpEG5l28BG,0.436,3,-8.205,0.0,0.693,143.031
Morgan Wallen,If I Know Me,Whiskey Glasses,6foY66mWZN0pSRjZ408c00,0.68,6,-4.58,1.84e-06,0.707,149.959
Bizarrap,"Peso Pluma: Bzrp Music Sessions, Vol. 55","Peso Pluma: Bzrp Music Sessions, Vol. 55",5AqiaZwhmC6dIbgWrD5SzV,0.668,5,-7.848,5.61e-05,0.805,132.966
Taylor Swift,reputation,Don’t Blame Me,1R0a2iXumgCiFb7HEZ7gUE,0.534,9,-6.719,1.76e-05,0.193,135.917
d4vd,Romantic Homicide,Romantic Homicide,1xK59OXxi2TAAAbmZK0kBL,0.544,6,-10.613,0.00805,0.216,132.052
Miguel,All I Want Is You,Sure Thing,0JXXNGljqupsJaZsgSbMZV,0.607,11,-8.127,0.000307,0.498,81.001
Noah Kahan,Dial Drunk (with Post Malone),Dial Drunk (with Post Malone),22VHOlVYBqytsrAqV8yXBK,0.613,8,-7.147,0.0,0.681,112.046
Drake,Her Loss,Rich Flex,1bDbXMyjaUIooNwFE9wn0N,0.52,11,-9.342,1.86e-06,0.424,153.15
Frank Ocean,Blonde,Pink + White,3xKsf9qdS1CyvXSMEid6g8,0.545,9,-7.362,5.48e-05,0.549,159.94
Travis Scott,UTOPIA,MODERN JAM (feat. Teezo Touchdown),3KCNiDi9Pza6ZD8FggNoaw,0.539,9,-6.474,1.4e-05,0.531,108.984
OneRepublic,"I Ain’t Worried (Music From The Motion Picture ""Top Gun: Maverick"")",I Ain't Worried,4h9wh7iOZ0GGn8QVp4RAOB,0.797,0,-5.927,0.000745,0.825,139.994
Laufey,From The Start,From The Start,1Ukxccao1BlWrPhYkcXbwZ,0.405,1,-7.413,0.000765,0.743,81.89
The Neighbourhood,I Love You.,Sweater Weather,2QjOHCTQ1Jl3zawyYOpxh6,0.807,10,-2.81,0.0177,0.398,124.053
Taylor Swift,Midnights,Karma,7KokYm8cMIXCsGVmUvKtqf,0.62,8,-7.091,0.0,0.0969,90.02
Kendrick Lamar,"good kid, m.A.A.d city",Money Trees,2HbKqm4o0w5wEeEFXm2sD4,0.531,7,-7.355,0.0,0.344,71.994
Morgan Wallen,If I Know Me,Chasin' You,5MwynWK9s4hlyKHqhkNn4A,0.591,7,-5.785,0.0,0.489,97.074
Myke Towers,LA VIDA ES UNA,LALA,7ABLbnD53cQK00mhcaOUVG,0.737,1,-4.045,0.00162,0.607,91.986
Metro Boomin,HEROES & VILLAINS,Superhero (Heroes & Villains) [with Future & Chris Brown],0vjeOZ3Ft5jvAi9SBFJm1j,0.606,5,-5.3,2.36e-06,0.492,116.622
Taylor Swift,1989,Blank Space,1p80LdxRV74UKvL8gnD7ky,0.678,5,-5.421,1.64e-06,0.583,96.006
Peso Pluma,GÉNESIS,TULUM,7bPp2NmpmyhLJ7zWazAXMu,0.866,6,-4.454,0.0,0.631,167.767
Lil Durk,Almost Healed,Stand By Me (feat. Morgan Wallen),1fXnu2HzxbDtoyvFPWG3Bw,0.582,11,-7.726,0.0,0.605,134.07
Zach Bryan,Heading South,Heading South,2Dct3GykKZ58hpWRFfe2Qd,0.246,4,-14.112,0.0,0.388,110.23
Taylor Swift,Speak Now (Taylor's Version),Enchanted (Taylor's Version),3sW3oSbzsfecv9XoUdGs7h,0.532,8,-3.526,0.0,0.216,81.907
Dream Supplier,Best White Noise For Sleeping Baby,Clean Baby Sleep White Noise (Loopable),0zirWZTcXBBwGsevrsIpvT,0.00832,7,-26.712,1.0,0.0,0.0
Travis Scott,UTOPIA,SIRENS,7LSpFCvRZZot2AlmkUzy9k,0.88,9,-6.117,0.000167,0.242,96.003
Jimin,Like Crazy (Remixes),Like Crazy,58BWnoFDNaeM0vwA0K3fqb,0.733,7,-5.445,0.0,0.362,120.001
Peso Pluma,Por las Noches,Por las Noches,2VzCjpKvPB1l1tqLndtAQa,0.595,0,-7.19,2.44e-05,0.392,92.491
Rema,Calm Down (with Selena Gomez),Calm Down (with Selena Gomez),0WtM2NBVQNNJLh6scP13H8,0.806,11,-5.206,0.000669,0.802,106.999
Taylor Swift,folklore,august,3hUxzQpSfdDqwM3ZTFQY0K,0.623,5,-9.208,7.28e-05,0.403,89.937
Metro Boomin,HEROES & VILLAINS,Trance (with Travis Scott & Young Thug),5wG3HvLhF6Y5KTGlK0IW3J,0.549,1,-7.38,0.0,0.447,119.497
Taylor Swift,1989,Style,4lIxdJw6W3Fg4vUIYCB0S5,0.786,2,-5.572,0.0016,0.456,95.019
Kaliii,Area Codes,Area Codes,7sliFe6W30tPBPh6dvZsIH,0.388,1,-10.867,0.0,0.507,154.569
Hotel Ugly,Shut up My Moms Calling,Shut up My Moms Calling,3hxIUxnT27p5WcmjGUXNwx,0.409,9,-10.711,0.0,0.376,138.419
Taylor Swift,Lover,Lover,1dGr1c8CrMLDpV6mPbImSI,0.543,7,-7.582,1.58e-05,0.453,68.534
Quevedo,Columbia,Columbia,6XbtvPmIpyCbjuT0e8cQtp,0.712,5,-5.927,2.13e-05,0.264,100.02
Travis Scott,UTOPIA,DELRESTO (ECHOES) (feat. Beyoncé),0OEe83mMZ5kaNw5uZQ7ilG,0.609,2,-6.306,0.0,0.509,116.066
Taylor Swift,folklore,cardigan,4R2kfaDFhslZEMJqAFNpdd,0.581,0,-8.588,0.000345,0.551,130.033
Travis Scott,UTOPIA,GOD'S COUNTRY,04WxWo7XeVyx22xEsrWRUb,0.65,2,-5.819,1.21e-05,0.138,150.048
Tory Lanez,Alone At Prom,The Color Violet,3azJifCSqg9fRij2yKIbWz,0.534,6,-10.8,0.0,0.463,105.02
Chris Stapleton,Traveller,Tennessee Whiskey,3fqwjXwUGN6vbzIwvyFMhx,0.37,9,-10.888,0.0096,0.512,48.718
Zach Bryan,American Heartbreak,Sun to Me,1SjsVdSXpwm1kTdYEHoPIT,0.27,9,-9.165,0.0,0.557,98.721
Glass Animals,Dreamland,Heat Waves,3USxtqRwSYz57Ewm6wWRMp,0.525,11,-6.9,6.7e-06,0.531,80.87
Metro Boomin,METRO BOOMIN PRESENTS SPIDER-MAN: ACROSS THE SPIDER-VERSE (SOUNDTRACK FROM AND INSPIRED BY THE MOTION PICTURE),"Calling (Spider-Man: Across the Spider-Verse) (Metro Boomin & Swae Lee, NAV, feat. A Boogie Wit da Hoodie)",5rurggqwwudn9clMdcchxT,0.535,0,-7.836,0.0,0.22,140.127
Luke Combs,This One's for You,When It Rains It Pours,1mMLMZYXkMueg65jRRWG1l,0.801,6,-5.069,6.03e-06,0.625,128.027
The Weeknd,Popular (Music from the HBO Original Series),Popular (with Playboi Carti & Madonna) - Music from the HBO Original Series,6WzRpISELf3YglGAh7TXcG,0.678,1,-6.276,3.69e-05,0.852,99.029
Future,I NEVER LIKED YOU,WAIT FOR U (feat. Drake & Tems),59nOXPmaKlBfGMDeOVGrIK,0.642,1,-4.474,0.0,0.339,83.389
Travis Scott,UTOPIA,SKITZO (feat. Young Thug),0bkV1iQHSxBaksUqgEkcbc,0.551,5,-7.219,0.0,0.347,83.25
Tyler Childers,Purgatory,Feathered Indians,2tgQaL85WoRfgEa4hFQgrE,0.574,7,-6.705,0.00277,0.877,87.194
Eslabon Armado,DESVELADO,Ella Baila Sola,3qQbCzHBycnDpGskqOWY0E,0.758,5,-5.176,1.89e-05,0.834,147.989
Anuel AA,Baby,Baby,5iDNf2uMgRzmQpcmGAzOUk,0.766,4,-7.67,7.99e-06,0.35,141.986
Taylor Swift,Speak Now (Taylor's Version),Back To December (Taylor's Version),79uDOz0zuuWS7HWxzMmTa2,0.635,2,-3.927,0.0,0.203,142.063
Travis Scott,UTOPIA,TIL FURTHER NOTICE (feat. James Blake & 21 Savage),76gcXhY3Zv6wW0BTe9nHJo,0.659,3,-6.522,0.00772,0.154,76.985
Steve Lacy,Dark Red,Dark Red,3EaJDYHA0KnX88JvDhL9oa,0.784,6,-4.023,8.32e-06,0.769,172.041
TV Girl,French Exit,Lovers Rock,6dBUzqjtbnIa1TwYbyw5CM,0.871,5,-5.338,0.00545,0.572,104.97
Noah Kahan,Stick Season (We'll All Be Here Forever),Dial Drunk,0caJ2wkqp4UmXBwdR2JvB5,0.595,8,-7.578,0.0,0.646,112.02
Post Malone,Chemical,Chemical,5w40ZYhbBMAlHYNDaVJIUu,0.897,2,-4.907,0.0,0.373,169.902
Taylor Swift,Speak Now (Taylor's Version),Mine (Taylor's Version),7G0gBu6nLdhFDPRLc0HdDG,0.783,7,-2.846,1.38e-06,0.49,121.08
Troye Sivan,Rush,Rush,3xIMkM5LgbVDkpO74O3Np3,0.839,5,-7.614,4.2e-05,0.346,126.03
Tainy,DATA,MOJABI GHOST,4eMKD8MRroxCqugpsxCCNb,0.707,6,-3.758,3.71e-05,0.744,122.014
Chino Pacas,El Gordo Trae El Mando,El Gordo Trae El Mando,3kf0WdFOalKWBkCCLJo4mA,0.8,7,-5.38,0.0,0.961,140.253
Tyler Childers,Country Squire,All Your'n,0fCwTrRNfoNk962ati8n2K,0.55,11,-7.342,3.97e-05,0.839,78.176
Yahritza Y Su Esencia,Frágil,Frágil,4JdSXF2p71cr8uCY3UiJM0,0.726,6,-4.515,0.0,0.393,149.918
Bailey Zimmerman,Religiously. The Album.,Rock and A Hard Place,1TE8AAk9koG0UJco6ZAUfx,0.568,1,-7.3,0.0,0.394,121.991
Sabrina Carpenter,emails i can't send,Nonsense,6dgUya35uo964z7GZXM07g,0.697,8,-4.912,0.0,0.732,138.992
21 Savage,SAVAGE MODE II,Glock In My Lap,6pcywuOeGGWeOQzdUyti6k,0.733,10,-6.439,1.04e-05,0.202,130.029
Morgan Wallen,One Thing At A Time,Ain’t That Some,2YVlDlk2zRceefo6XlC6DX,0.803,6,-5.781,3.86e-06,0.671,121.086
Jordan Davis,Buy Dirt,Buy Dirt,69AIpwGNLxr4qS1X5ynx60,0.559,4,-6.725,0.0,0.437,177.945
Brent Faiyaz,Fuck The World,Clouded,2J6OF7CkpdQGSfm1wdclqn,0.344,2,-8.765,0.0,0.581,65.203
Metro Boomin,HEROES & VILLAINS,Too Many Nights (feat. Don Toliver & with Future),2Hh3ETdQKrmSI3QS0hme7g,0.671,7,-4.392,2.37e-05,0.156,88.048
Travis Scott,UTOPIA,CIRCUS MAXIMUS (feat. The Weeknd & Swae Lee),4GL9GMX9t7Qkprvf1YighZ,0.764,1,-6.314,0.0089,0.248,125.018
d4vd,Petals to Thorns,Here With Me,5LrN7yUQAzvthd4QujgPFr,0.458,4,-9.283,9.27e-05,0.299,132.025
Bad Bunny,Un Verano Sin Ti,Me Porto Bonito,6Sq7ltF9Qa7SNFBsV5Cogx,0.712,1,-5.105,2.68e-05,0.425,92.005
Charli XCX,Speed Drive (From Barbie The Album),Speed Drive (From Barbie The Album),5VxmI3IdgAxWVvUnJoLuY2,0.879,0,-6.405,0.0896,0.789,173.925
Morgan Wallen,One Thing At A Time,Cowgirls (feat. ERNEST),7fveJ3pk1eSfxBdVkzdXZ0,0.766,8,-3.805,8.62e-06,0.37,172.08
Jelly Roll,Whitsitt Chapel,Need A Favor,5twSy6ffBrF03mnNUsUgJZ,0.771,6,-4.231,1.89e-05,0.555,157.985
Chris Stapleton,Starting Over,You Should Probably Leave,2UikqkwBv7aIvlixeVXHWt,0.477,9,-8.425,3.1e-05,0.552,183.89
Ice Spice,Like..? (Deluxe),Deli,5JYPXqMwYc0zTODQdjMEZN,0.763,1,-6.169,2.22e-05,0.272,140.107
Luke Combs,This One's for You Too (Deluxe Edition),Beautiful Crazy,2rxQMGVafnNaRaXlRMWPde,0.402,11,-7.431,0.0,0.382,103.313
Peso Pluma,GÉNESIS,LAGUNAS,3HOKxuTDmNVmIlCIpBiD8m,0.622,11,-10.621,0.00603,0.792,115.952
Drake,More Life,Passionfruit,5mCPDVBb16L4XQwDdbRUpz,0.463,11,-11.377,0.085,0.364,111.98
Peso Pluma,GÉNESIS,LUNA,3RA55zrRkyPK8Fd86hrMy8,0.629,9,-8.509,0.00409,0.793,127.819
Young Thug,BUSINESS IS BUSINESS,Oh U Went (feat. Drake),7qLr3HMApUbyDkUvgIvHnB,0.789,7,-5.88,0.0,0.465,136.01
Zach Bryan,Dawns (feat. Maggie Rogers),Dawns (feat. Maggie Rogers),42TtHTxWk782ZBiqyOi2d1,0.441,0,-7.658,4.36e-05,0.286,122.811
Arctic Monkeys,AM,I Wanna Be Yours,5XeFesFbtLpXzIVDNQP22n,0.417,0,-9.345,0.022,0.479,67.528
Drake,Her Loss,Spin Bout U,2ZL7WZcjuYKi1KUDtp4kCC,0.701,7,-6.386,0.0,0.203,129.963
Post Malone,Hollywood's Bleeding,Circles,21jGcNKet2qwijlDFuPiPb,0.762,0,-3.497,0.00244,0.553,120.042
J. Cole,2014 Forest Hills Drive,Wet Dreamz,4tqcoej1zPvwePZCzuAjJd,0.722,6,-8.108,0.0,0.539,175.627
Dave,Sprinter,Sprinter,2FDTHlrBguDzQkp7PVj16Q,0.583,1,-8.067,0.0,0.661,141.095
Taylor Swift,reputation,Getaway Car,0VE4kBnHJUgtMf0dy6DRmW,0.689,2,-6.745,2.23e-06,0.351,172.054
Megan Moroney,Lucky,Tennessee Orange,6DLbBlGIOjjEj0dNN25zhZ,0.488,9,-6.637,7.23e-06,0.268,156.031
Lil Baby,Too Hard,Freestyle,5BbdKBZO0TH0GhfxUfyhL9,0.517,2,-5.426,0.0,0.255,119.996
Zach Bryan,Summertime Blues,Oklahoma Smokeshow,0OWhKvvsHptt6vnnNUSM9a,0.573,8,-5.694,0.0,0.233,122.977
Cigarettes After Sex,Cigarettes After Sex,Apocalypse,3AVrVz5rK8Hrqo9YGiVGN5,0.467,5,-9.018,0.46,0.174,94.473
Doechii,What It Is (Versions),What It Is (Solo Version),73RbfOTJIjHzi2pcVHjeHM,0.758,1,-5.851,1.44e-06,0.757,171.925
Jung Kook,Seven (feat. Latto),Seven (feat. Latto) (Clean Ver.),5Avril3IZ26DPVFHbJX8o6,0.831,11,-3.975,0.0,0.891,124.986
Metro Boomin,METRO BOOMIN PRESENTS SPIDER-MAN: ACROSS THE SPIDER-VERSE (SOUNDTRACK FROM AND INSPIRED BY THE MOTION PICTURE),"Annihilate (Spider-Man: Across the Spider-Verse) (Metro Boomin & Swae Lee, Lil Wayne, Offset)",39MK3d3fonIP8Mz9oHCTBB,0.483,11,-6.216,0.0,0.204,145.983
Jason Aldean,Try That In A Small Town,Try That In A Small Town,4ROknQyR1wOGPfmpTtB3z4,0.861,0,-3.762,5.38e-06,0.333,145.842
Zach Bryan,"Burn, Burn, Burn","Burn, Burn, Burn",5jfhLCSIFUO4ndzNRh4w4G,0.296,3,-10.513,5e-05,0.134,82.532
El Alfa,PLEBADA,PLEBADA,7uSLF2yhpjLlYBLtyPX3Lb,0.988,9,-0.517,0.000942,0.699,115.057
Diplo,Diplo Presents Thomas Wesley: Chapter 1 - Snake Oil,Heartless (feat. Morgan Wallen),3FU6urUVsgXa6RBuV2PdRk,0.556,11,-6.417,0.0,0.274,111.033
Feid,Classy 101,Classy 101,6XSqqQIy7Lm7SnwxS4NrGx,0.658,11,-4.79,0.0,0.672,100.065
Lil Uzi Vert,Just Wanna Rock,Just Wanna Rock,4FyesJzVpA39hbYvcseO2d,0.545,11,-7.924,0.00474,0.0385,150.187
Kanye West,The Life Of Pablo,Father Stretch My Hands Pt. 1,4KW1lqgSr8TKrvBII0Brf8,0.573,7,-4.113,0.0,0.438,113.088
Metro Boomin,METRO BOOMIN PRESENTS SPIDER-MAN: ACROSS THE SPIDER-VERSE (SOUNDTRACK FROM AND INSPIRED BY THE MOTION PICTURE),"Am I Dreaming (Metro Boomin & A$AP Rocky, Roisee)",6Ec5LeRzkisa5KJtwLfOoW,0.526,9,-7.812,0.00256,0.134,90.018
Lil Uzi Vert,Watch This (ARIZONATEARS Pluggnb Remix),Watch This - ARIZONATEARS Pluggnb Remix,0FA4wrjDJvJTTU8AepZTup,0.897,11,-7.18,0.103,0.355,129.975
Lana Del Rey,Say Yes To Heaven,Say Yes To Heaven,6GGtHZgBycCgGBUhZo81xe,0.352,6,-11.577,0.0856,0.166,99.992
Harry Styles,As It Was,As It Was,4LRPiXqCikLlN15c3yImP7,0.731,6,-5.338,0.00101,0.662,173.93
Luke Combs,Growin' Up,The Kind of Love We Make,48UKTR66uUOT9LaUvooTNx,0.745,1,-4.13,6.47e-06,0.464,102.025
David Guetta,I'm Good (Blue),I'm Good (Blue),4uUG5RXrOk84mYEfFvj3cK,0.965,7,-3.673,7.07e-06,0.304,128.04
Taylor Swift,Speak Now (Taylor's Version),Better Than Revenge (Taylor's Version),0NwGC0v03ysCYINtg6ns58,0.885,11,-2.969,0.0,0.665,145.863
Taylor Swift,Speak Now (Taylor's Version),Sparks Fly (Taylor’s Version),3MytWN8L7shNYzGl4tAKRp,0.758,5,-2.347,0.0,0.387,114.991
Beach House,Depression Cherry,Space Song,7H0ya83CMmgFcOhw0UB6ow,0.792,0,-7.311,0.124,0.601,147.067
Steve Lacy,The Lo-Fis,Infrunami,0f8eRy9A0n6zXpKSHSCAEp,0.299,9,-7.721,0.0952,0.215,97.012
Morgan Wallen,One Thing At A Time,Thought You Should Know,3Qu3Zh4WTKhP9GEXo0aDnb,0.678,6,-6.16,6.23e-06,0.508,140.05
KAROL G,MAÑANA SERÁ BONITO,TQG,0DWdj2oZMBFSzRsi2Cvfzf,0.63,4,-3.547,0.0,0.607,179.974
Kendrick Lamar,DAMN.,LOVE. FEAT. ZACARI.,6PGoSes0D9eUDeeAafB2As,0.585,10,-7.343,0.0,0.779,126.058
Morgan Wallen,Dangerous: The Double Album,More Than My Hometown,5OELUCYgOHKFAvCERnAvfS,0.869,6,-5.479,0.0,0.597,126.019
Lord Huron,Strange Trails,The Night We Met,0QZ5yyl6B6utIWkxeBDxQN,0.366,2,-9.51,0.267,0.1,86.997
Lil Baby,Drip Harder,Drip Too Hard (Lil Baby & Gunna),78QR3Wp35dqAhFEc2qAGjE,0.662,1,-6.903,0.0,0.389,112.511
SZA,SOS,Kill Bill,3OHfY25tqY28d16oZczHc8,0.728,8,-5.75,0.169,0.43,88.993
That Mexican OT,Johnny Dang (with Paul Wall & DRODi),Johnny Dang (with Paul Wall & DRODi),1kwPxt35W7cG3rryxR48PO,0.671,10,-5.26,0.0,0.754,119.965
Travis Scott,UTOPIA,LOOOVE (feat. Kid Cudi),0a4SMs889NwP8oWI7Vemle,0.739,3,-4.358,0.0,0.108,110.967
Old Dominion,Memory Lane,Memory Lane,5kB6WithhB8Iv08EMNmAbt,0.8,6,-4.272,1.12e-05,0.375,118.977
JVKE,this is what ____ feels like (Vol. 1-4),golden hour,5odlY52u43F5BjByhxg7wg,0.593,4,-4.801,0.162,0.153,94.467
Ice Spice,Princess Diana (with Nicki Minaj),Princess Diana (with Nicki Minaj),0ZxhtATQ0a6EvQNZ0z6NKV,0.676,9,-5.196,0.0,0.742,147.991
Luke Combs,This One's for You Too (Deluxe Edition),She Got the Best of Me,698eQRku24PIYPQPHItKlA,0.907,11,-3.793,0.0,0.7,150.99
Travis Scott,UTOPIA,LOST FOREVER (feat. Westside Gunn),7EiUtdeoWcKqLi5ELZCjYf,0.803,1,-4.223,0.0,0.314,89.499
Vance Joy,Dream Your Life Away (Special Edition),Riptide,3JvrhDOgAt6p7K8mDyZwRd,0.731,1,-6.694,0.0,0.51,101.654
Carin Leon,Que Vuelvas,Que Vuelvas,6Um358vY92UBv5DloTRX9L,0.643,10,-4.309,0.0,0.779,162.469
Offset,Without Warning,Ric Flair Drip (with Metro Boomin),7sO5G9EABYOXQKNPNiE9NR,0.428,9,-8.28,5.05e-05,0.333,100.007
Mac DeMarco,Here Comes The Cowboy,Heart To Heart,7EAMXbLcL0qXmciM5SwMh2,0.136,8,-16.127,0.354,0.643,150.076
21 Savage,SAVAGE MODE II,Runnin,5SWnsxjhdcEDc7LJjq9UHk,0.626,10,-4.574,0.101,0.415,143.01
Bad Bunny,Un Verano Sin Ti,Tití Me Preguntó,1IHWl5LamUGEuP4ozKQSXZ,0.715,5,-5.198,0.000291,0.187,106.672
Metro Boomin,METRO BOOMIN PRESENTS SPIDER-MAN: ACROSS THE SPIDER-VERSE (SOUNDTRACK FROM AND INSPIRED BY THE MOTION PICTURE),Self Love (Spider-Man: Across the Spider-Verse) (Metro Boomin & Coi Leray),0AAMnNeIc6CdnfNU85GwCH,0.298,9,-9.351,0.000233,0.0472,120.091
Kanye West,Yeezus,Bound 2,3sNVsP50132BTNlImLx70i,0.665,1,-2.821,0.0,0.31,148.913
Juice WRLD,Goodbye & Good Riddance,All Girls Are The Same,4VXIryQMWpIdGgYR4TrjT1,0.529,0,-7.226,0.000335,0.203,161.989
J. Cole,MIDDLE CHILD,MIDDLE CHILD,2JvzF1RMd7lE3KmFlsyZD8,0.364,8,-11.713,0.0,0.463,123.984
Taylor Swift,reputation,Delicate,6NFyWDv5CjfwuzoCkw47Xf,0.404,9,-10.178,0.000357,0.0499,95.045
Stephen Sanchez,Until I Found You (Em Beihold Version),Until I Found You (with Em Beihold) - Em Beihold Version,1Y3LN4zO1Edc2EluIoSPJN,0.55,10,-5.339,0.0,0.342,101.19
Bryson Tiller,T R A P S O U L,Don't,3pXF1nA74528Edde4of9CC,0.356,11,-5.556,0.0,0.189,96.991
Drake,Views,One Dance,1zi7xx7UVEFkmKfv06H8x0,0.625,1,-5.609,0.0018,0.37,103.967
The Weeknd,Starboy,Starboy,7MXVkk9YMctZqd1Srtv4MB,0.587,7,-7.015,6.35e-06,0.486,186.003
Morgan Wallen,One Thing At A Time,One Thing At A Time,1rXq0uoV4KTgRN64jXzIxo,0.914,7,-5.153,2.21e-06,0.916,141.978
NewJeans,NewJeans 2nd EP 'Get Up',Cool With You,02wk5BttM0QL38ERjLPQJB,0.65,5,-6.683,0.00136,0.532,134.993
NewJeans,NewJeans 2nd EP 'Get Up',ETA,56v8WEnGzLByGsDAXDiv4d,0.749,10,-6.389,0.0,0.841,134.971
PARTYNEXTDOOR,PARTYNEXTDOOR,Break from Toronto,5fEB6ZmVkg63GZg9qO86jh,0.678,9,-5.18,0.00389,0.259,117.067
Lil Wayne,I Am Not A Human Being II (Deluxe),Love Me,2XHzzp1j4IfTNp1FTn7YFg,0.634,11,-6.476,0.0,0.496,124.906
Mac Miller,K.I.D.S. (Deluxe),The Spins,7FAFkQQZFeNwOFzTrSDFIh,0.766,9,-3.894,0.0,0.55,127.006
Kendrick Lamar,DAMN.,PRIDE.,6IZvVAP7VPPnsGX6bvgkqg,0.535,4,-7.056,1.68e-05,0.37,138.842
Peso Pluma,PRC,PRC,2mpoNBkngUEwnaKoBhZ0vl,0.826,7,-6.34,7.09e-05,0.893,138.078
Taylor Swift,Midnights,Lavender Haze,5jQI2r1RdgtuT8S3iG8zFC,0.436,10,-10.489,0.000573,0.0976,96.985
Harry Styles,Harry's House,As It Was,4Dvkj6JhhA12EX05fT7y2e,0.731,6,-5.338,0.00101,0.662,173.93
The Weeknd,After Hours,Blinding Lights,0VjIjW4GlUZAMYd2vXMi3b,0.73,1,-5.934,9.54e-05,0.334,171.005
ame,grey cloud,raining for hours,3L1JHXiqNOJ57w3n2R3HyU,0.976,10,-27.426,0.987,0.00672,96.552
SZA,SOS,Low,2GAhgAjOhEmItWLfgisyOn,0.546,0,-7.234,0.00314,0.335,145.044
Tyler Childers,In Your Love,In Your Love,1olWQ1LOUYs4VBwx5N8Lz9,0.409,7,-9.559,0.000656,0.243,127.357
Kendrick Lamar,DAMN.,HUMBLE.,7KXjTSCq5nL1LoYtL7XAwS,0.621,1,-6.638,5.39e-05,0.421,150.011
Baby Keem,The Melodic Blue,family ties (with Kendrick Lamar),3QFInJAm9eyaho5vBzxInN,0.611,1,-5.453,0.0,0.144,134.093
Taylor Swift,Lover,The Man,3RauEVgRgj1IuWdJ9fDs70,0.658,0,-5.191,0.0,0.633,110.048
Taylor Swift,Speak Now (Taylor's Version),Dear John (Taylor's Version),1zU8j1x3yi9xalMF96pzKp,0.47,4,-5.016,0.0,0.133,119.294
Odetari,GOOD LOYAL THOTS,GOOD LOYAL THOTS,06tNJ27nVxbDwhiQMChWyr,0.86,6,-5.274,0.000142,0.607,146.441
Post Malone,Twelve Carat Toothache,I Like You (A Happier Song) (with Doja Cat),0O6u0VJ46W86TxN9wgyqDj,0.67,5,-6.009,0.0,0.472,100.964
Faye Webster,Faye Webster,I Know You,71BWZa1liIRyUiuJ3MB66o,0.385,10,-12.849,9.97e-05,0.144,154.918
J. Cole,Cole World: The Sideline Story,Work Out,2wAJTrFhCnQyNSD3oUgTZO,0.427,2,-6.903,0.0,0.216,93.004
Drake,Certified Lover Boy,Knife Talk (with 21 Savage ft. Project Pat),2BcMwX1MPV6ZHP4tUT9uq6,0.424,5,-9.579,0.0,0.153,145.887
Tyler Hubbard,Tyler Hubbard,Dancin’ In The Country,2KtGiBi5CrX2ERPD2PAS34,0.871,7,-4.614,0.0,0.532,114.974
The Weeknd,Starboy,Die For You,2LBqCSwhJGcFQeTHMVGwy3,0.525,1,-7.163,0.0,0.508,133.629
Post Malone,Spider-Man: Into the Spider-Verse (Soundtrack From & Inspired by the Motion Picture),Sunflower - Spider-Man: Into the Spider-Verse,3KkXRkHbMCARz0aVfEt68P,0.479,2,-5.574,0.0,0.913,89.911
Kali Uchis,Red Moon In Venus,Moonlight,0JmnkIqdlnUzPaf8sqBRs3,0.706,7,-6.872,0.0,0.896,136.851
Morgan Wallen,Dangerous: The Double Album,7 Summers,4obHzpwGrjoTuZh2DItEMZ,0.786,0,-5.13,6.1e-05,0.571,203.903
Frank Ocean,Novacane,Novacane,4osgfFTICMkcGbbigdsa53,0.508,3,-9.112,0.00126,0.37,93.51
Post Malone,AUSTIN,Enough Is Enough,3BHFResGQiUvbYToUdaDQz,0.768,0,-4.911,0.0,0.332,166.061
Oscar Maydon,Fin de Semana,Fin de Semana,6TBzRwnX2oYd8aOrOuyK1p,0.541,0,-4.943,0.0,0.365,98.395
Taylor Swift,Speak Now (Taylor's Version),Castles Crumbling (feat. Hayley Williams) (Taylor’s Version) (From The Vault),4ABYxlb92WBIjHu7TIKmml,0.57,7,-7.925,0.0,0.378,147.803
Lil Baby,Street Gossip,Pure Cocaine,577YBGuskWkVDCxZrLRB4v,0.487,10,-6.071,6.57e-06,0.107,127.05
Jelly Roll,Ballads Of The Broken,Son Of A Sinner,25VQoiuyc0HkC5FQTj1a8G,0.541,7,-7.489,2.25e-06,0.329,86.041
Taylor Swift,Speak Now (Taylor's Version),Electric Touch (feat. Fall Out Boy) (Taylor’s Version) (From The Vault),4e3ZNTAV6PCrdYMUrUlMpQ,0.855,7,-4.7,0.0,0.282,131.073
Luke Combs,What You See Is What You Get,Beer Never Broke My Heart,7aEtlGHoiPAfRB084NiDmx,0.863,1,-4.483,0.0,0.637,77.001
Becky G,Chanel,Chanel,5RcxRGvmYai7kpFSfxe5GY,0.675,2,-5.738,0.00317,0.528,132.005
Drake,Certified Lover Boy,Fair Trade (with Travis Scott),40iJIUlhi6renaREYGeIDS,0.465,1,-8.545,0.0,0.292,167.937
Odetari,LOOK DON’T TOUCH (w/ cade clair),LOOK DON’T TOUCH (w/ cade clair),7E9kejvFw8NDfuu4y3hqkp,0.701,4,-11.994,0.135,0.498,124.969
XXXTENTACION,17,Revenge,5TXDeTFVRVY7Cvt0Dw4vWW,0.251,11,-16.169,0.00203,0.18,139.999
Taylor Swift,Speak Now (Taylor's Version),Foolish One (Taylor’s Version) (From The Vault),4s8BIKx4Zh6ryAEz8RTlaU,0.588,7,-4.675,0.0,0.543,96.965
HARDY,the mockingbird & THE CROW,TRUCK BED,103u49mLoJUge83B1CnLxI,0.77,0,-4.887,0.0,0.769,132.057
Baby Keem,DIE FOR MY BITCH,ORANGE SODA,5FkoSXiJPKTNyYgALRJFhD,0.564,1,-7.822,0.0,0.107,85.042
Bailey Zimmerman,Religiously. The Album.,Fall In Love,0rCFRyEy4WXjRXNpO80Dzs,0.643,9,-6.055,0.0,0.397,135.962
Lizzy McAlpine,five seconds flat,ceilings,2L9N0zZnd37dwF0clgxMGI,0.322,9,-11.762,0.00194,0.261,148.005
TV Girl,Death of a Party Girl,Blue Hair,39sDitIeCMrVX2QyXHY46t,0.72,4,-6.376,0.0497,0.884,135.73
Lil Uzi Vert,Luv Is Rage 2 (Deluxe),20 Min,0uxSUdBrJy9Un0EYoBowng,0.75,8,-4.009,0.0,0.783,123.426
Lil Baby,Harder Than Ever,Yes Indeed,6vN77lE9LK6HP2DewaN6HZ,0.346,5,-9.309,0.0,0.562,119.957
Taylor Swift,Speak Now (Taylor's Version),Long Live (Taylor's Version),4hqJ4bSlYJOXb6Z4SRmzxs,0.65,0,-4.031,0.0,0.0752,203.89
Baby Keem,DIE FOR MY BITCH,HONEST,58k32my5lKofeZRtIvBDg9,0.536,2,-8.79,3.37e-05,0.373,79.037
Doja Cat,Attention,Attention,11xC6P3iKYpFThT6Ce1KdG,0.567,2,-7.911,0.0278,0.421,87.981
Kali Uchis,Moonlight,Moonlight,2i2gDpKKWjvnRTOZRhaPh2,0.723,7,-6.462,0.0,0.878,136.872
Peso Pluma,Bye,Bye,6n2P81rPk2RTzwnNNgFOdb,0.812,0,-6.613,0.00045,0.7,122.063
KAROL G,MAÑANA SERÁ BONITO,AMARGURA,505v13epFXodT9fVAJ6h8k,0.696,6,-3.356,0.0,0.545,106.966
Tyler Childers,Purgatory,Lady May,3t5OV1asJHmOlf23T08CLv,0.16,3,-13.285,0.000268,0.322,81.446
Taylor Swift,Speak Now (Taylor's Version),When Emma Falls in Love (Taylor’s Version) (From The Vault),0zo975x58DlXbZllWvfYhg,0.763,2,-4.632,0.0,0.231,78.133
Fuerza Regida,Pa Que Hablen,Igualito a Mi Apá,17js0w8GTkTUFGFM6PYvBd,0.812,4,-3.272,0.0,0.795,144.908
Darius Rucker,True Believers,Wagon Wheel,3xdjjKMcMOFgo1eQrfbogM,0.66,9,-7.174,0.0,0.574,148.096
21 Savage,i am > i was,ball w/o you,50a8bKqlwDEqeiEknrzkTO,0.633,8,-7.471,0.000189,0.459,137.994
NewJeans,NewJeans 2nd EP 'Get Up',Get Up,1wUnuiXMMvhudmzvcCtlZP,0.526,5,-7.03,0.127,0.562,85.274
Tame Impala,Currents,The Less I Know The Better,6K4t31amVTZDgR3sKmwUJJ,0.74,4,-4.083,0.00678,0.785,116.879
Travis Scott,UTOPIA,PARASAIL (feat. Yung Lean & Dave Chappelle),2Q0aElTZQtEUsoiaQfizu6,0.395,5,-8.51,0.00356,0.208,75.923
Taylor Swift,Lover,Paper Rings,4y5bvROuBDPr5fuwXbIBZR,0.719,9,-6.553,1.36e-05,0.865,103.979
Cole Swindell,Stereotype,She Had Me At Heads Carolina,200x8ONbPfFzByUr3fVz46,0.912,8,-3.449,0.0,0.722,134.944
Taylor Swift,Speak Now (Taylor's Version),Speak Now (Taylor's Version),5xXqyjLicvEpch72qEryFT,0.677,7,-2.871,0.0,0.639,118.995
Future,I NEVER LIKED YOU,PUFFIN ON ZOOTIEZ,1qMMYpVatbRITKCfq1gasi,0.657,8,-5.748,0.0,0.284,124.992
TV Girl,Who Really Cares,Not Allowed,3IznIgmXtrUaoPWpQTy5jB,0.905,1,-6.855,0.000227,0.563,104.965
Drake,Scary Hours 2,Wants and Needs (feat. Lil Baby),65OVbaJR5O1RmwOQx0875b,0.449,1,-6.349,2.17e-06,0.1,136.006
Taylor Swift,reputation,Look What You Made Me Do,1P17dC1amhFzptugyAO7Il,0.709,9,-6.471,1.41e-05,0.506,128.07
Lil Mabu,MATHEMATICAL DISRESPECT,MATHEMATICAL DISRESPECT,0Ymjv0OJeIIPXr6s9wi3iW,0.507,1,-8.06,0.0,0.48,146.771
Peso Pluma,GÉNESIS,RUBICON,0xGZjxYqcNQ8WqxyeZ4eSN,0.816,5,-7.284,3.64e-06,0.915,139.959
Noah Kahan,Stick Season,Stick Season,0mflMxspEfB0VbI1kyLiAv,0.488,9,-6.894,0.0,0.817,117.913
JAY-Z,Watch The Throne (Deluxe),Ni**as In Paris,4Li2WHPkuyCdtmokzW2007,0.858,1,-5.542,0.0,0.775,140.022
Eden Muñoz,Abcdario,Abcdario,0qCPD6ilr9nXkI4KVZgcns,0.429,8,-9.076,1.48e-06,0.416,129.034
Taylor Swift,reputation,...Ready For It?,2yLa0QULdQr0qAIvVwN6B5,0.764,2,-6.509,0.0,0.417,160.015
Lil Peep,Star Shopping,Star Shopping,6Ox1rvlwEpB49drasQm6RF,0.471,4,-9.84,0.0185,0.307,93.07
Taylor Swift,Wildest Dreams (Taylor's Version),Wildest Dreams (Taylor's Version),1Ov37jtRQ2YNAe8HzfczkL,0.67,8,-7.289,0.0001,0.498,140.061
Taylor Swift,Red (Taylor's Version),All Too Well (10 Minute Version) (Taylor's Version) (From The Vault),5enxwA8aAbwZbf5qCHORXi,0.518,0,-8.771,0.0,0.205,93.023
Taylor Swift,Speak Now (Taylor's Version),Timeless (Taylor’s Version) (From The Vault),1HCdems7PQZRj42QDWLA0A,0.585,3,-5.847,0.0,0.65,142.883
Olivia Rodrigo,SOUR,good 4 u,4ZtFanR9U6ndgddUvNcjcG,0.664,9,-5.044,0.0,0.688,166.928
Frank Ocean,channel ORANGE,Lost,3GZD6HmiNUhxXYf8Gch723,0.603,8,-4.892,0.000503,0.497,123.061
ROSALÍA,RR,BESO,609E1JCInJncactoMmkDon,0.644,5,-6.671,0.000837,0.53,95.05
Taylor Swift,Speak Now (Taylor's Version),Mean (Taylor's Version),30Y4CV7A6YqtQtTTo7Ue4j,0.692,4,-3.866,0.0,0.621,163.874
Peso Pluma,GÉNESIS,VVS,3B0swL7Qil9bB7eKzBREBK,0.729,7,-3.066,0.0,0.862,110.238
Lil Uzi Vert,Pink Tape,Endless Fashion (feat. Nicki Minaj),41bmnQZoDMQdDh5zyomtW7,0.605,1,-5.01,7.7e-06,0.413,132.946
Natanael Cano,AMG,AMG,1lRtH4FszTrwwlK5gTSbXO,0.73,11,-6.657,0.000107,0.786,136.175
The Weeknd,Beauty Behind The Madness,The Hills,7fBv7CLKzipRk6EC6TWHOB,0.564,0,-7.063,0.0,0.137,113.003
Taylor Swift,All Of The Girls You Loved Before,All Of The Girls You Loved Before,4P9Q0GojKVXpRTJCaL3kyy,0.467,2,-9.66,6.92e-05,0.396,95.96
Beyoncé,RENAISSANCE,CUFF IT,1xzi1Jcr7mEi9K2RfzLOqS,0.689,7,-5.668,9.69e-06,0.642,115.042
Brent Faiyaz,WASTELAND,ALL MINE,3XgGQ1wjo5khvq2UImjyNF,0.378,9,-8.54,9.16e-05,0.22,141.967
Taylor Swift,1989,Shake It Off,5xTtaWoae3wi06K5WfVUUH,0.785,7,-5.414,0.0,0.943,160.015
Toosii,Favorite Song,Favorite Song,1SRw5p2lVAi7RGlHEmZg66,0.367,2,-9.354,0.0,0.413,116.035
NewJeans,NewJeans 'Super Shy',New Jeans,6rdkCkjk6D12xRpdMXy0I2,0.721,4,-6.211,0.00216,0.532,134.014
Juice WRLD,Goodbye & Good Riddance,Lucid Dreams,285pBltuF7vW8TeWk8hdRR,0.566,6,-7.23,0.0,0.218,83.903
Lil Tecca,500lbs,500lbs,1xWkeSPhf3bZqHY7Ncz8vp,0.667,7,-7.928,0.0,0.485,123.042
Harry Styles,Harry's House,Late Night Talking,1qEmFfgcLObUfQm0j1W2CK,0.728,10,-4.595,0.0,0.901,114.996
Post Malone,Hollywood's Bleeding,Sunflower - Spider-Man: Into the Spider-Verse,0RiRZpuVRbi7oqRdSMwhQY,0.522,2,-4.368,0.0,0.925,89.96
Miley Cyrus,Endless Summer Vacation,Flowers,4DHcnVTT87F0zZhRPYmZ3B,0.681,0,-4.325,5.15e-06,0.646,117.999
Billie Eilish,lovely (with Khalid),lovely (with Khalid),0u2P5u6lvoDfwTYjAADbn4,0.296,4,-10.109,0.0,0.12,115.284
Bruno Mars,24K Magic,That's What I Like,0KKkJNfGyhkQ5aFogxQAPU,0.56,1,-4.961,0.0,0.86,134.066
Childish Gambino,"""Awaken, My Love!""",Redbone,0WtDGnWL2KrMCk0mI1Gpwz,0.353,1,-10.614,0.00662,0.598,160.111
Doja Cat,Paint The Town Red,Paint The Town Red,2IGMVunIBsBLtEQyoI1Mu7,0.538,5,-8.603,3.34e-06,0.732,99.968
Taylor Swift,Lover,Miss Americana & The Heartbreak Prince,214nt20w5wOxJnY462klLw,0.747,11,-6.926,0.00615,0.487,150.088
Morgan Wallen,Dangerous: The Double Album,Cover Me Up,0mKnuxVkPi5h0kuvZl44VM,0.44,7,-8.192,7.37e-06,0.214,128.01
21 Savage,SAVAGE MODE II,Rich Nigga Shit (feat. Young Thug),3ruoIF2UnoXdzK8mR61ebq,0.733,1,-5.625,0.0,0.62,97.974
Morgan Wallen,Dangerous: The Double Album,Sand In My Boots,0uRrG2jRR5tuifsYIJHEao,0.537,3,-6.628,0.0,0.414,69.877
Harry Styles,Fine Line,Watermelon Sugar,6UelLqGlWMcVH1E5c4H7lY,0.816,0,-4.209,0.0,0.557,95.39
Liana Flores,recently,rises the moon,51Grh1RyUDcMBbpuyUIUHI,0.129,5,-20.149,0.145,0.203,137.35
Steve Lacy,Gemini Rights,Bad Habit,4k6Uh1HXdhtusDW5y8Gbvy,0.494,1,-7.093,5.8e-05,0.7,168.946
Taylor Swift,Midnights (The Til Dawn Edition),Hits Different,3xYJScVfxByb61dYHTwiby,0.782,5,-6.499,4.73e-06,0.239,106.026
Arctic Monkeys,AM,Why'd You Only Call Me When You're High?,086myS9r57YsLbJpU0TgK9,0.631,2,-6.478,1.13e-05,0.8,92.004
Yeat,Lyfë,Out thë way,6IyoLWzljeR3ldQo4KWHT6,0.628,4,-7.41,8.79e-06,0.798,128.07
Luke Bryan,Tailgates & Tanlines,Country Girl (Shake It For Me),0JbSghVDghtFEurrSO8JrC,0.904,2,-4.532,0.0,0.671,105.97
Taylor Swift,Speak Now (Taylor's Version),The Story Of Us (Taylor's Version),6dTA6y0C2ReQklntzZl8l3,0.781,4,-2.608,0.0,0.57,139.846
Lyrical Lemonade,Doomsday,Doomsday (with Juice WRLD & Cordae),3bkpVSoNvBkvt9LJMFT5at,0.729,10,-3.939,0.0,0.885,93.159
NLE Choppa,SLUT ME OUT,SLUT ME OUT,5BmB3OaQyYXCqRyN8iR2Yi,0.606,6,-6.396,0.0,0.706,121.108
Post Malone,Overdrive,Overdrive,3t0ic4mkhvhamrKDkulB8v,0.729,1,-5.062,0.000139,0.482,139.864
Kendrick Lamar,Black Panther The Album Music From And Inspired By,All The Stars (with SZA),3GCdLUSnKSMJhs4Tj6CV3s,0.633,8,-4.946,0.000194,0.552,96.924
Travis Scott,Birds In The Trap Sing McKnight,goosebumps,6gBFPUFcJLzWGx4lenP6h2,0.728,7,-3.37,0.0,0.43,130.049
TV Girl,Who Really Cares,Cigarettes out the Window,6QeYSvYqYUsfBzsApbjDHO,0.659,0,-5.669,0.0,0.594,113.551
Zach Bryan,Elisabeth,Revival,2QfX9Pdz3q66fN3kCXl0Js,0.366,7,-9.025,1.58e-05,0.328,78.846
Cage The Elephant,Melophobia,Cigarette Daydreams,2tznHmp70DxMyr2XhWLOW0,0.676,2,-3.442,0.0,0.273,113.98
Bruno Mars,Unorthodox Jukebox,Locked out of Heaven,3w3y8KPTfNeOKPiqUTakBh,0.698,5,-4.165,0.0,0.867,143.994
Playboi Carti,Whole Lotta Red,Sky,29TPjc8wxfz4XMn21O7VsZ,0.903,2,-4.184,0.0,0.565,139.98
Future,HNDRXX,Solo,4lH6nENd1y81jp7Yt9lTBX,0.486,5,-6.497,0.497,0.0894,110.964
NewJeans,NewJeans 'OMG',OMG,65FftemJ1DbbZ45DUfHJXE,0.771,9,-4.067,3.07e-06,0.739,126.956
Daniel Caesar,Freudian,Get You (feat. Kali Uchis),7zFXmv6vqI4qOt4yGf3jYZ,0.294,4,-8.533,5.2e-05,0.358,74.038
The Walters,I Love You So,I Love You So,4SqWKzw0CbA05TGszDgMlc,0.648,10,-4.891,0.0,0.466,75.977
Polo G,THE GOAT,Martin & Gina,1VLtjHwRWOVJiE5Py7JxoQ,0.534,1,-7.813,0.0,0.116,93.924
Olivia Rodrigo,SOUR,deja vu,6HU7h9RYOaPRFeh0R3UeAr,0.612,2,-7.222,5.7e-06,0.178,180.917
Bruno Mars,Unorthodox Jukebox,When I Was Your Man,0nJW01T7XtvILxQgC5J7Wh,0.28,0,-8.648,0.0,0.387,72.795
Eslabon Armado,DESVELADO,Así Lo Quiso Dios,6X5WZbJzXtk6aO03HlxuZ9,0.664,8,-4.027,0.0,0.747,144.981
Kelsea Ballerini,SUBJECT TO CHANGE,IF YOU GO DOWN (I'M GOIN' DOWN TOO),1jX9wlAgVkAl0fCZqkCI73,0.856,11,-4.35,0.0,0.965,144.092
Childish Gambino,Camp,Les,0YsGMHid6sFq5PcToe3JZE,0.674,1,-7.04,9.76e-05,0.123,103.139
Post Malone,AUSTIN,Something Real,444vevlQjTnKioLLncteGv,0.797,11,-5.086,0.0,0.267,135.483
21 Savage,i am > i was,a lot,2t8yVaLvJ0RenpXUIAC52d,0.636,1,-7.643,0.00125,0.274,145.972
Kendrick Lamar,To Pimp A Butterfly,Alright,3iVcZ5G6tvkXZkZKlMpIUs,0.766,7,-5.974,0.0,0.558,110.034
Tyler Childers,Live on Red Barn Radio I & II,Shake the Frost (Live),19MkwMrRjO7773zpuGss1o,0.341,2,-9.769,2.05e-06,0.371,138.969
Morgan Wallen,Stand Alone - EP,Spin You Around,1yj1ZztSGITJ5Nf4mfH92c,0.877,4,-3.621,0.0,0.616,150.004
Lil Uzi Vert,Pink Tape,Aye (feat. Travis Scott),2Hc1LaV6bzFil3dE71eORA,0.604,9,-4.452,5.64e-05,0.121,111.998
Chief Keef,Finally Rich,Love Sosa,01Lr5YepbgjXAWR9iOEyH1,0.413,0,-8.193,0.0,0.211,131.965
Jon Pardi,Mr. Saturday Night,Your Heart Or Mine,7ETjhPaIU4UmHOiimJBZz9,0.713,5,-4.368,0.0,0.717,86.1
Travis Scott,ASTROWORLD,SICKO MODE,2xLMifQCjDGFmkHkpNLD9h,0.73,8,-3.714,0.0,0.446,155.008
Luke Combs,This One's for You,Hurricane,6xHI9KjUjYT0FPtGO8Mxa1,0.813,10,-6.185,0.0,0.515,75.977
Mac DeMarco,This Old Dog,For the First Time,2R4AlwtrrkMaRKojcTIzmL,0.529,5,-10.469,0.0093,0.521,75.515
Morgan Wallen,One Thing At A Time,’98 Braves,3oZ6dlSfCE9gZ55MGPJctc,0.67,2,-5.759,0.00022,0.484,142.139
Young Nudy,Peaches & Eggplants (feat. 21 Savage),Peaches & Eggplants (feat. 21 Savage),1KUZ33cOqk3X4Ezk0aZnVp,0.536,4,-7.884,3.73e-06,0.584,146.014
Lil Uzi Vert,Luv Is Rage 2,The Way Life Goes (feat. Oh Wonder),2eAZfqOm4EnOF9VvN50Tyc,0.757,1,-3.612,0.0,0.696,82.008
"Tyler, The Creator",IGOR,ARE WE STILL FRIENDS?,5TxRUOsGeWeRl3xOML59Ai,0.497,10,-8.025,2.39e-06,0.313,187.308
Bruno Mars,Doo-Wops & Hooligans,Just the Way You Are,7BqBn9nzAq8spo5e7cZ0dJ,0.841,5,-5.379,0.0,0.424,109.021
Surf Curse,Freaks,Freaks,7EkWXAI1wn8Ii883ecd9xr,0.941,9,-9.918,0.633,0.407,179.626
Luke Combs,Growin' Up,"Going, Going, Gone",67AdiJcurlf6gocGobfaXs,0.56,6,-6.034,0.0,0.325,159.931
Olivia Rodrigo,SOUR,traitor,5CZ40GBx1sQ9agT82CLQCT,0.339,3,-7.885,0.0,0.0849,100.607
The Weeknd,Starboy,Stargirl Interlude,5gDWsRxpJ2lZAffh5p7K0w,0.47,5,-12.638,0.0923,0.426,89.965
Jordan Davis,Next Thing You Know,Next Thing You Know,2lNTHWu2I5Tcz9ukWsV5Jj,0.597,5,-8.296,0.0,0.414,78.526
Kali Uchis,Isolation,"After The Storm (feat. Tyler, The Creator & Bootsy Collins)",1otG6j1WHNvl9WgXLWkHTo,0.659,4,-6.766,0.00201,0.843,79.64
Noah Kahan,Stick Season (We'll All Be Here Forever),You’re Gonna Go Far,4nHJcUtNSUVjXRnjdP29Bk,0.36,7,-9.643,0.0,0.379,169.909
Bad Bunny,Un Verano Sin Ti,Efecto,5Eax0qFko2dh7Rl2lYs3bx,0.475,7,-8.797,1.73e-05,0.234,98.047
Dominic Fike,Mona Lisa (Spider-Man: Across the Spider-Verse),Mona Lisa (Spider-Man: Across the Spider-Verse),37CoOXIsgF3NzbK1zHZetk,0.646,1,-7.603,0.0,0.445,111.043
Travis Scott,UTOPIA,K-POP (feat. Bad Bunny & The Weeknd),4o82J5zr4DFEs9yj5szCVX,0.621,5,-5.614,2.74e-06,0.545,121.057
Pinegrove,Everything So Far,Need 2,3kQfBtkQqgN1fAMfhks8TU,0.634,1,-8.302,0.202,0.213,76.557
Hozier,Hozier (Expanded Edition),Take Me to Church,1CS7Sd1u5tWkstBhpssyjP,0.664,4,-5.303,0.0,0.437,128.945
"Tyler, The Creator",BEST INTEREST,BEST INTEREST,3jHdKaLCkuNEkWcLVmQPCX,0.575,11,-8.325,0.000153,0.34,98.265
Jimin,FACE,Like Crazy (English Version),0u8rZGtXJrLtiSe34FPjGG,0.755,7,-5.386,0.0,0.32,119.957
Lil Baby,My Turn (Deluxe),Low Down,5m0yZ33oOy0yYBtdTXuxQe,0.619,10,-5.562,0.0,0.154,127.958
Lewis Capaldi,Divinely Uninspired To A Hellish Extent,Someone You Loved,7qEHsqek33rTcFNT9PFqLf,0.405,1,-5.679,0.0,0.446,109.891
Post Malone,beerbongs & bentleys,rockstar (feat. 21 Savage),0e7ipj03S05BNilyu5bRzt,0.52,5,-6.136,7.01e-05,0.129,159.801
Bryan Martin,Poets & Old Souls,We Ride,72kGuWpRiuA149Bn5lDkIO,0.706,3,-4.176,7.78e-06,0.591,81.989
The Weeknd,Die For You (Remix),Die For You - Remix,7oDd86yk8itslrA9HRP2ki,0.525,1,-6.5,0.0,0.502,66.9
Drake,Scorpion,God's Plan,6DCZcSspjsKoFjzjrWoCdn,0.449,7,-9.211,8.29e-05,0.357,77.169
Luke Combs,What You See Ain't Always What You Get (Deluxe Edition),Forever After All,6IBcOGPsniK3Pso1wHIhew,0.65,0,-5.195,0.0,0.456,151.964
Morgan Wallen,If I Know Me,The Way I Talk,21LRaD9rB3v7p7DDCZsW4y,0.879,4,-3.388,0.0,0.757,137.983
Gunna,DS4EVER,P power (feat. Drake),0lEjxUUlKqjqXrVlIHFduD,0.591,1,-6.217,0.000323,0.202,119.251
Kali Uchis,Sin Miedo (del Amor y Otros Demonios) ∞,telepatía,6tDDoYIxWvMLTdKpjFkc1B,0.524,11,-9.016,0.0,0.553,83.97
KAROL G,S91,S91,7EpOXgSRgnglRWr86pZfGU,0.719,0,-4.923,2.89e-05,0.417,128.161
Steve Lacy,C U Girl,C U Girl,6FBzhcfgGacfXF3AmtfEaX,0.473,11,-8.911,0.0523,0.409,100.0
Taylor Swift,Speak Now (Taylor's Version),Haunted (Taylor's Version),4tMzIAFTFdqGBQLdfbPces,0.915,5,-1.909,0.0,0.355,162.201
Eladio Carrion,3MEN2 KBRN,Coco Chanel,0PB0O24JqAuNdOAFVJljMS,0.764,2,-5.995,0.0,0.137,149.949
Odetari,NARCISSISTIC PERSONALITY DISORDER,NARCISSISTIC PERSONALITY DISORDER,6lDJ0CkQ6LdQv5EUQ39rpg,0.91,11,-3.736,4.16e-06,0.337,151.657
Childish Gambino,"""Awaken, My Love!""",Me and Your Mama,4AFsRbaLKRWo3dDtjDFA2V,0.442,5,-12.111,0.0271,0.242,118.073
Drake,Take Care (Deluxe),Headlines,6LxSe8YmdPxy095Ux6znaQ,0.566,6,-7.16,0.000353,0.425,151.894
"Tyler, The Creator",Goblin,She,0SA0mMXWh23raZ6xzOCU2V,0.621,8,-6.495,3.44e-05,0.459,83.375
"Tyler, The Creator",IGOR,EARFQUAKE,5hVghJ4KaYES3BFUATCYn0,0.498,9,-8.866,5.98e-06,0.413,79.635
$uicideboy$,Antarctica,Antarctica,5UGAXwbA17bUC0K9uquGY2,0.633,2,-6.869,4.45e-06,0.319,105.945
Post Malone,Hollywood's Bleeding,Wow.,7xQAfvXzm3AkraOtGPWIZg,0.539,11,-7.359,1.78e-06,0.388,99.96
ThxSoMch,SPIT IN MY FACE!,SPIT IN MY FACE!,1N8TTK1Uoy7UvQNUazfUt5,0.785,8,-6.512,0.0216,0.649,94.094
Old Dominion,Old Dominion,One Man Band,7cA3PnUQDlUyBBwpRozQeo,0.358,6,-8.331,0.0,0.478,75.991
Ruth B.,Safe Haven,Dandelions,2eAvDnpXP5W0cVtiI0PUxV,0.692,1,-2.958,0.0,0.454,116.959
Joji,BALLADS 1,SLOW DANCING IN THE DARK,0rKtyWc8bvkriBthvHKY8d,0.479,3,-7.458,0.00598,0.284,88.964
Yot Club,Bipolar,YKWIM?,2vWBUC9djv6BtiGlmKiQaH,0.537,9,-7.623,0.873,0.228,123.735
Lil Durk,7220 (Reloaded),Broadway Girls (feat. Morgan Wallen),7qTaDOcld0VmBWXnkbUj45,0.745,10,-3.599,0.0,0.54,74.967
Taylor Swift,Midnights,Bejeweled,3qoftcUZaUOncvIYjFSPdE,0.559,7,-9.19,5.58e-05,0.433,163.999
Kanye West,ye,Violent Crimes,3s7MCdXyWmwjdcWh7GWXas,0.419,1,-6.724,0.0,0.0397,109.813
Jon Pardi,California Sunrise,Night Shift,0bPnT6i9H1p8Vd85GS6Z7I,0.754,2,-3.564,0.0,0.73,95.999
A Boogie Wit da Hoodie,Artist,My Shit,5uQOauh47VFt3B2kV9kRXw,0.621,5,-8.3,0.0,0.847,77.998
GROUPLOVE,Never Trust a Happy Song,Tongue Tied,0GO8y8jQk1PkHzS31d699N,0.936,3,-5.835,0.0,0.371,112.96
PinkPantheress,to hell with it,Pain,4S4QJfBGGrC8jRIjJHf1Ka,0.617,1,-8.497,0.00306,0.81,125.605
Bakar,Hell N Back,Hell N Back,3NRql0A1Ef4RCvT473iqgD,0.684,10,-4.314,9.05e-05,0.72,210.164
Lil Uzi Vert,Luv Is Rage 2,XO Tour Llif3,7GX5flRQZVHRAGd6B4TmDO,0.75,11,-6.366,0.0,0.401,155.096
Drake,More Life,Teenage Fever,6n3HGiq4v35D6eFOSwqYuo,0.283,8,-10.33,0.0172,0.144,97.04
$uicideboy$,Stop Staring At the Shadows,"...And to Those I Love, Thanks for Sticking Around",30QR0ndUdiiMQMA9g1PGCm,0.511,2,-6.876,9.04e-05,0.111,113.983
The Neighbourhood,Wiped Out!,Daddy Issues,5E30LdtzQTGqRvNd7l6kG5,0.521,10,-9.461,0.149,0.337,85.012
Eyedress,Jealous,Jealous,1aXV8GrmQLvgoFtBPERP7E,0.921,9,-10.431,0.85,0.696,93.01
Taylor Swift,Speak Now,Enchanted,10eBRyImhfqVvkiVEGf0N0,0.623,8,-3.878,0.000424,0.208,163.893
"Tyler, The Creator",IGOR,NEW MAGIC WAND,0fv2KH6hac06J86hBUTcSf,0.73,5,-5.414,0.000131,0.464,139.566
Billie Eilish,Happier Than Ever,Happier Than Ever,4RVwu0g32PAqgUiJoXsdF8,0.225,0,-8.697,0.00349,0.297,81.055
Billie Eilish,Guitar Songs,TV,3GYlZ7tbxLOxe6ewMNVTkw,0.236,4,-15.159,0.00653,0.119,140.214
Bad Bunny,Un Verano Sin Ti,Ojitos Lindos,3k3NWokhRRkEPhCzPmV8TW,0.686,3,-5.745,1.34e-06,0.268,79.928
Brent Faiyaz,WASTELAND,JACKIE BROWN,2IlT65thKQQw248mhk2PjQ,0.353,10,-10.273,0.002,0.503,137.66
Taylor Swift,Midnights,Midnight Rain,3rWDp9tBPQR9z6U5YyRSK4,0.363,0,-11.738,5.17e-05,0.23,139.865
King Von,Levon James,Took Her To The O,7fEoXCZTZFosUFvFQg1BmW,0.592,1,-7.002,4.71e-06,0.4,159.98
Taylor Swift,Lover,You Need To Calm Down,6RRNNciQGZEXnqk8SQ9yv5,0.671,2,-5.617,0.0,0.714,85.026
NewJeans,NewJeans 2nd EP 'Get Up',ASAP,5fpyAakgFOm4YTXkgfPzvV,0.486,0,-9.561,3.73e-05,0.372,130.052
Polo G,Hall of Fame,RAPSTAR,18vXApRmJSgQ6wG2ll9AOg,0.536,6,-6.862,0.0,0.437,81.039
A Boogie Wit da Hoodie,The Bigger Artist,Drowning (feat. Kodak Black),1f5cbQtDrykjarZVrShaDI,0.81,5,-5.274,0.0,0.814,129.014
Steve Lacy,Bad Habit,Bad Habit,5CM4UuQ9Gnd6K2YyKGPMoK,0.507,1,-7.097,7.51e-05,0.69,168.955
Vundabar,Gawk,Alien Blues,11iIikXxC6NP0Ma8vMD27x,0.757,3,-5.093,0.908,0.433,82.282
Chino Pacas,Dijeron Que No La Iba Lograr,Dijeron Que No La Iba Lograr,7dR09k1an5JEq7ch0Y5hvV,0.791,7,-6.792,0.0,0.759,142.219
Ryan Gosling,Barbie The Album,I’m Just Ken,3zXIvb4nZ3cTdT8CsbTy3U,0.628,1,-6.259,4.74e-05,0.387,140.431
Meek Mill,Championships,Going Bad (feat. Drake),2IRZnDFmlqMuOrYOLnZZyc,0.496,4,-6.365,0.0,0.544,86.003
Arctic Monkeys,AM,Do I Wanna Know?,5FVd6KXrgO9B3JPmC8OPst,0.532,5,-7.596,0.000263,0.405,85.03
Taylor Swift,Fearless (Taylor's Version),You Belong With Me (Taylor’s Version),1qrpoAMXodY6895hGKoUpA,0.773,6,-4.856,0.0,0.474,130.033
Sleepy Hallow,Still Sleep?,2055,4XvcHTUfIlWfyJTRG0aqlo,0.512,6,-5.865,0.0,0.638,80.511
The Lumineers,Cleopatra,Ophelia,3d8y0t70g7hw2FOWl9Z4Fm,0.573,5,-6.519,0.000363,0.566,76.023
RAYE,My 21st Century Blues,Escapism.,5mHdCZtVyb4DcJw8799hZp,0.742,2,-5.355,4.67e-05,0.25,96.107
Neon Trees,Picture Show,Everybody Talks,2iUmqdfGZcHIhS3b9E9EWq,0.924,8,-3.906,0.0,0.725,154.961
Bad Omens,THE DEATH OF PEACE OF MIND,Just Pretend,1H4Y9uW4N0LsxJUz0VnaPJ,0.834,5,-4.674,0.00125,0.201,140.032
Richy Mitch & The Coal Miners,RMCM,Evergreen,6me7F0aaZjwDo6RJ5MrfBD,0.216,3,-11.661,0.00416,0.504,79.109
Vacations,Changes,Telephones,0JIMT9gzLIIz0esKLyjbKf,0.447,2,-9.268,0.0301,0.183,74.995
Childish Gambino,Because the Internet,3005,5cc9Zbfp9u10sfJeKZ3h16,0.447,6,-7.272,0.0,0.659,83.138
Waka Flocka Flame,Flockaveli,No Hands (feat. Roscoe Dash & Wale),03tqyYWC9Um2ZqU0ZN849H,0.595,1,-6.366,0.0,0.361,131.497
Chris Brown,Indigo (Extended),Under The Influence,5IgjP7X4th6nMNDh4akUHb,0.69,9,-5.529,1.18e-06,0.31,116.992
Paramore,Paramore,Still into You,1yjY7rpaAQvKwpdUliHx0d,0.923,5,-3.763,0.0,0.765,136.01
Ed Sheeran,=,Shivers,50nfwKoDiSYg8zOCREWAm5,0.859,2,-2.724,0.0,0.822,141.02
Jon Pardi,California Sunrise,Heartache On The Dance Floor,0w3Q14i073jLoew1hgJkwD,0.834,9,-4.308,0.0,0.618,116.0
Men I Trust,Show Me How,Show Me How,01TyFEZu6mHbffsVfxgrFn,0.267,5,-11.997,0.534,0.544,165.99
Lil Peep,LIVE FOREVER,nuts,4k3xDpAdBuM17mNNHhOZkK,0.739,2,-7.41,0.0,0.148,62.007
Mac DeMarco,Salad Days,Chamber Of Reflection,7H7NyZ3G075GqPx2evsfeb,0.557,11,-8.678,0.914,0.506,131.03
Post Malone,Stoney (Deluxe),Congratulations,3a1lNhkSLSkpJE4MSHpDu9,0.804,6,-4.183,0.0,0.492,123.146
David Guetta,Baby Don't Hurt Me,Baby Don't Hurt Me,3BKD1PwArikchz2Zrlp1qi,0.91,7,-3.404,0.000174,0.228,127.944
Chris Stapleton,White Horse,White Horse,7MSWxMumjz6lHj7oRApNbg,0.77,1,-11.066,0.598,0.224,145.225
Tame Impala,The Slow Rush,Borderline,5hM5arv9KDbCHS0k9uqwjr,0.873,5,-3.067,9.1e-06,0.873,97.96
Miguel,All I Want Is You,Girl With The Tattoo Enter.lewd,1eUGmzzvahJjOSWgDHuRlv,0.239,6,-11.314,0.000175,0.127,113.451
Sam Smith,Unholy (feat. Kim Petras),Unholy (feat. Kim Petras),3nqQXoyQOWXiESFLlDF1hG,0.472,2,-7.375,4.51e-06,0.238,131.121
Kane Brown,Different Man,Thank God,1brnLTvarI9D1hLP6z2Ar8,0.455,3,-8.735,0.0,0.441,99.945
Taylor Swift,Speak Now (Taylor's Version),Last Kiss (Taylor's Version),59KOoHFcw5XfICnO57holu,0.366,10,-8.46,4.43e-06,0.16,79.401
Steve Lacy,Some,Some,4riDfclV7kPDT9D58FpmHd,0.554,7,-6.417,0.254,0.634,104.01
Morgan Wallen,You Proof,You Proof,5uU1uuyaUIBOiiUSQG7Wl3,0.85,9,-4.913,0.0,0.644,119.706
YNW Melly,I AM YOU,Murder on My Mind,7eBqSVxrzQZtK2mmgRG6lC,0.73,0,-7.985,3.06e-06,0.74,115.007
Olivia Rodrigo,SOUR,favorite crime,5JCoSi02qi3jJeHdZXMmR8,0.272,9,-10.497,0.0,0.218,172.929
Don Toliver,Love Sick,Private Landing (feat. Justin Bieber & Future),52NGJPcLUzQq5w7uv4e5gf,0.669,1,-4.105,1.28e-05,0.435,136.979
Travis Scott,Birds In The Trap Sing McKnight,sdp interlude,4gh0ZnHzaTMT1sDga7Ek0N,0.586,0,-8.15,0.0544,0.588,108.164
Juice WRLD,Goodbye & Good Riddance,Lean Wit Me,3oDkdAySo1VQQG0ptV7uwa,0.651,1,-5.515,0.0,0.237,163.935
MKTO,MKTO,Classic,6FE2iI43OZnszFLuLtvvmg,0.791,1,-4.689,0.0,0.756,102.071
Post Malone,Mourning,Mourning,0gWrMbx6pbdH3n3nsLjE55,0.651,9,-4.604,0.0,0.255,73.959
Olivia Rodrigo,SOUR,drivers license,5wANPM4fQCJwkGd4rN57mH,0.431,10,-8.81,1.42e-05,0.137,143.875
Kenny Chesney,The Big Revival,American Kids,1dgWTMoHwTUnQhOQ8SR5fV,0.589,0,-7.37,5.84e-06,0.849,85.022
bôa,Twilight,Duvet,42qNWdLKCI41S4uzfamhFM,0.888,11,-9.414,4.58e-05,0.706,93.206
80purppp,Hex,Hex,7D7e6hm2LiNd6nLuJF6K9Q,0.398,5,-15.781,0.00713,0.482,109.996
Joey Bada$$,Love Is Only a Feeling,Love Is Only a Feeling,7umZiitjVsEjMQ6HNddpUI,0.676,1,-7.088,0.000325,0.497,90.377
Travis Scott,Rodeo,90210 (feat. Kacy Hill),51EC3I1nQXpec4gDk0mQyP,0.526,9,-6.741,8.33e-06,0.312,81.404
Ivan Cornejo,Aquí Te Espero,Aquí Te Espero,33vrRiIiut4rOFmkgorJD6,0.307,10,-10.663,5.72e-06,0.249,92.886
The Weeknd,Starboy,Die For You,2Ch7LmS7r2Gy2kc64wv3Bz,0.525,1,-7.163,0.0,0.51,133.249
Rihanna,Talk That Talk,We Found Love,6qn9YLKt13AGvpq9jfO8py,0.766,1,-4.485,0.00138,0.6,127.986
WALK THE MOON,TALKING IS HARD,Shut Up and Dance,4kbj5MwxO1bq9wjT5g9HaA,0.866,1,-3.804,0.0,0.619,128.038
Jordan Davis,Bluebird Days,Next Thing You Know,39OclE5hZematADrdfaWvE,0.608,5,-8.253,0.0,0.399,78.534
Eric Church,Chief,Springsteen,05ZACkzW8YbRq3eFgIfSNB,0.809,2,-5.935,9.77e-05,0.927,104.023
Harry Styles,Harry's House,Satellite,0rzaRSujxA0bKyjJl6vHYq,0.457,0,-6.473,3.05e-05,0.301,138.984
Coi Leray,Players,Players,6UN73IYd0hZxLi8wFPMQij,0.516,6,-5.817,7.54e-06,0.624,105.001
Latto,Put It On Da Floor Again (feat. Cardi B),Put It On Da Floor Again (feat. Cardi B),6c6WmIHcHlhccEwSFBhzNa,0.614,1,-7.323,0.0,0.472,111.363
The Neighbourhood,Hard To Imagine The Neighbourhood Ever Changing,You Get Me So High,7zwn1eykZtZ5LODrf7c0tS,0.881,7,-6.099,0.0791,0.387,88.036
Metro Boomin,NOT ALL HEROES WEAR CAPES (Deluxe),Space Cadet (feat. Gunna),1fewSx2d5KIZ04wsooEBOz,0.464,5,-9.789,1.71e-05,0.638,109.004
Train,"Save Me, San Francisco (Golden Gate Edition)","Hey, Soul Sister",4HlFJV71xXKIGcU3kRyttv,0.886,1,-4.44,0.0,0.795,97.012
Chris Stapleton,From A Room: Volume 1,Broken Halos,06gD2ZtK3Dzc1BYqWExQJJ,0.564,8,-7.085,1.65e-06,0.538,78.388
Mr.Kitty,Time,After Dark,2LKOHdMsL0K9KwcPRlJK2v,0.595,8,-10.444,0.266,0.039,140.037
JID,The Forever Story (Extended Version),Surround Sound (feat. 21 Savage & Baby Tate),1udwFobQ1JoOdWPQrp2b6u,0.56,5,-7.302,0.0,0.471,75.956
Avicii,True,Wake Me Up,0nrRP2bk19rLc0orkWPQk2,0.783,2,-5.697,0.0012,0.643,124.08
J. Cole,Born Sinner (Deluxe Version),Power Trip (feat. Miguel),2uwnP6tZVVmTovzX5ELooy,0.608,1,-7.054,0.000198,0.475,99.992
Tory Lanez,Hurts Me,Hurts Me,0RBw4ODUQPO4cuAOZtBGga,0.786,8,-5.477,0.0,0.673,149.968
Øneheart,snowfall,snowfall,4xF4ZBGPZKxECeDFrqSAG4,0.0918,10,-26.813,0.803,0.0841,95.014
Luke Bryan,Crash My Party,Play It Again,03fT3OHB9KyMtGMt2zwqCT,0.886,11,-3.225,0.0,0.595,143.935
Imagine Dragons,Evolve,Believer,0pqnGHJpmpxLKifKRmU6WP,0.78,10,-4.374,0.0,0.666,124.949
Jordan Davis,Bluebird Days,What My World Spins Around,6vjZxvzdAeHp7jv3R398Xm,0.733,2,-6.483,0.0,0.7,124.882
Taylor Swift,Love Story (Taylor’s Version),Love Story (Taylor’s Version),3CeCwYWvdfXbZLXFhBrbnf,0.79,2,-4.302,3.97e-06,0.416,119.082
Peggy Gou,(It Goes Like) Nanana [Edit],(It Goes Like) Nanana - Edit,23RoR84KodL5HWvUTneQ1w,0.876,7,-5.681,0.188,0.964,129.998
J. Cole,The Off-Season,m y . l i f e (with 21 Savage & Morray),1D3z6HTiQsNmZxjl7F7eoG,0.587,7,-7.026,0.0,0.0753,140.021
Grupo Frontera,No Se Va (EN VIVO),No Se Va - EN VIVO,23Lyy7ZXRvzfgH4JtDkKrX,0.527,0,-9.335,0.0,0.692,172.712
Post Malone,AUSTIN,Too Cool To Die,3FtQes77xlbS9QTVts7p2u,0.79,0,-5.541,0.0,0.44,106.997
Playboi Carti,Playboi Carti,Location,3yk7PJnryiJ8mAPqsrujzf,0.79,11,-4.213,0.000125,0.371,125.985
Bryson Tiller,T R A P S O U L,Exchange,43PuMrRfbyyuz4QpZ3oAwN,0.433,6,-10.598,0.0,0.276,160.108
SZA,Ctrl,Broken Clocks,2fXwCWkh6YG5zU1IyvQrbs,0.684,6,-7.364,0.0,0.406,112.912
Sonder,What You Heard,What You Heard,3a3dQOO19moXPeTt2PomoT,0.371,2,-9.017,5.71e-06,0.135,137.134
Odetari,GMFU (w/ 6arelyhuman),GMFU (w/ 6arelyhuman),4D1k6x4MXTaSnljSvAXhaf,0.778,11,-3.23,0.025,0.278,126.091
Trippie Redd,A Love Letter To You 4,The Grinch,1W24W6jQegnNh0x5DfBBPT,0.503,8,-6.115,6.36e-05,0.196,162.85
XXXTENTACION,17,Jocelyn Flores,7m9OqQk4RVRkw9JJdeAw96,0.391,0,-9.144,4.13e-06,0.437,134.021
The Weeknd,After Hours,Save Your Tears,5QO79kh1waicV47BqGRL3g,0.826,0,-5.487,1.24e-05,0.644,118.051
Frank Ocean,Blonde,Ivy,2ZWlPOoWh0626oTaHrnl2a,0.386,9,-9.584,0.000289,0.466,116.408
Aaron May,CHASE,Let Go,7cLnbmx7ZUWAwyocrKz3wL,0.498,9,-8.339,0.0,0.692,110.017
The Weeknd,"My Dear Melancholy,",Call Out My Name,09mEdoA6zrmBPgTEN5qXmN,0.593,1,-4.954,0.0,0.175,134.17
BØRNS,Dopamine,Electric Love,2GiJYvgVaD2HtM8GqD9EgQ,0.797,6,-7.627,0.00137,0.518,120.041
Junior H,El Tsurito,El Tsurito,1piak4R3yW4otWWyaSqyCH,0.801,8,-6.397,0.0,0.827,114.922
Lana Del Rey,Young And Beautiful,Young And Beautiful,2nMeu6UenVvwUktBCpLMK9,0.416,11,-8.92,3.69e-05,0.151,113.986
SZA,SOS,Nobody Gets Me,5Y35SjAfXjjG0sFQ3KOxmm,0.284,7,-8.285,0.0,0.276,99.796
Twenty One Pilots,Blurryface,Stressed Out,3CRDbSIZ4r5MsZ0YwxuEkn,0.637,4,-5.677,2.29e-05,0.648,169.977
J Balvin,OASIS,LA CANCIÓN,0fea68AdmYNygeTGI4RC18,0.646,7,-5.795,1.85e-05,0.429,176.089
XXXTENTACION,17,Fuck Love (feat. Trippie Redd),7AQim7LbvFVZJE3O8TYgf2,0.533,0,-9.74,0.000152,0.329,131.036
Metro Boomin,HEROES & VILLAINS,Niagara Falls (Foot or 2) [with Travis Scott & 21 Savage],4WuOWVnAqvEQxgSRrspBgt,0.658,2,-5.567,8.66e-05,0.257,87.933
XXXTENTACION,?,Hope,2ZRo7axmMPeSVUvDbGkJah,0.457,9,-6.081,0.000331,0.225,146.04
The Weeknd,"My Dear Melancholy,",I Was Never There,1cKHdTo9u0ZymJdPGSh6nq,0.737,10,-4.008,0.000162,0.155,113.26
Mac Miller,GO:OD AM,Weekend (feat. Miguel),6GnhWMhgJb7uyiiPEiEkDA,0.435,8,-8.442,0.0,0.19,120.058
Sam Hunt,Outskirts,Outskirts,2E0bqoMlIb2xmFyZHRjtzK,0.774,10,-3.685,0.0,0.194,75.07
Quavo,Turn Yo Clic Up (feat. Future),Turn Yo Clic Up (feat. Future),7LTCmtMpf3JPfBE8gAl64z,0.557,11,-7.112,0.0,0.629,124.927
Morgan Wallen,One Thing At A Time,Man Made A Bar (feat. Eric Church),73zawW1ttszLRgT9By826D,0.764,4,-5.006,3.07e-05,0.489,147.984
Libianca,People,People,26b3oVLrRUaaybJulow9kz,0.422,10,-7.621,1.31e-05,0.693,124.357
Rainbow Kitten Surprise,"How to: Friend, Love, Freefall",It's Called: Freefall,474uVhyGgK5MtY9gMcDgGl,0.516,2,-6.365,0.0,0.281,97.944
